,Counts,Percentage
Total,300,1
Correct,265,88.3333333333333
Incorrect,35,11.6666666666667